{
    "chiapath": "C:\\Users\\rammi\\AppData\\Local\\chia-blockchain\\app-1.1.2\\resources\\app.asar.unpacked\\daemon\\chia",
    "plotters": [
	{
            "ssd": "C",
            "plotters": 1,
            "spinupMinutes": 1,
            "ram" : 4000,
            "threads": 4
        },
	{
            "ssd": "D",
            "plotters": 3,
            "spinupMinutes": 20,
            "ram" : 4000,
            "threads": 4
        },
	{
            "ssd": "F",
            "plotters": 4,
            "spinupMinutes": 20,
            "ram" : 4000,
            "threads": 4
        }        
    ],
    "targets":[
        "H:\\chiaplots",
        "I:\\chiaplots"
    ]
}
